[{"model": "auth.permission", "pk": 1, "fields": {"name": "Can add log entry", "content_type": 1, "codename": "add_logentry"}}, {"model": "auth.permission", "pk": 2, "fields": {"name": "Can change log entry", "content_type": 1, "codename": "change_logentry"}}, {"model": "auth.permission", "pk": 3, "fields": {"name": "Can delete log entry", "content_type": 1, "codename": "delete_logentry"}}, {"model": "auth.permission", "pk": 4, "fields": {"name": "Can view log entry", "content_type": 1, "codename": "view_logentry"}}, {"model": "auth.permission", "pk": 5, "fields": {"name": "Can add permission", "content_type": 2, "codename": "add_permission"}}, {"model": "auth.permission", "pk": 6, "fields": {"name": "Can change permission", "content_type": 2, "codename": "change_permission"}}, {"model": "auth.permission", "pk": 7, "fields": {"name": "Can delete permission", "content_type": 2, "codename": "delete_permission"}}, {"model": "auth.permission", "pk": 8, "fields": {"name": "Can view permission", "content_type": 2, "codename": "view_permission"}}, {"model": "auth.permission", "pk": 9, "fields": {"name": "Can add group", "content_type": 3, "codename": "add_group"}}, {"model": "auth.permission", "pk": 10, "fields": {"name": "Can change group", "content_type": 3, "codename": "change_group"}}, {"model": "auth.permission", "pk": 11, "fields": {"name": "Can delete group", "content_type": 3, "codename": "delete_group"}}, {"model": "auth.permission", "pk": 12, "fields": {"name": "Can view group", "content_type": 3, "codename": "view_group"}}, {"model": "auth.permission", "pk": 13, "fields": {"name": "Can add user", "content_type": 4, "codename": "add_user"}}, {"model": "auth.permission", "pk": 14, "fields": {"name": "Can change user", "content_type": 4, "codename": "change_user"}}, {"model": "auth.permission", "pk": 15, "fields": {"name": "Can delete user", "content_type": 4, "codename": "delete_user"}}, {"model": "auth.permission", "pk": 16, "fields": {"name": "Can view user", "content_type": 4, "codename": "view_user"}}, {"model": "auth.permission", "pk": 17, "fields": {"name": "Can add content type", "content_type": 5, "codename": "add_contenttype"}}, {"model": "auth.permission", "pk": 18, "fields": {"name": "Can change content type", "content_type": 5, "codename": "change_contenttype"}}, {"model": "auth.permission", "pk": 19, "fields": {"name": "Can delete content type", "content_type": 5, "codename": "delete_contenttype"}}, {"model": "auth.permission", "pk": 20, "fields": {"name": "Can view content type", "content_type": 5, "codename": "view_contenttype"}}, {"model": "auth.permission", "pk": 21, "fields": {"name": "Can add session", "content_type": 6, "codename": "add_session"}}, {"model": "auth.permission", "pk": 22, "fields": {"name": "Can change session", "content_type": 6, "codename": "change_session"}}, {"model": "auth.permission", "pk": 23, "fields": {"name": "Can delete session", "content_type": 6, "codename": "delete_session"}}, {"model": "auth.permission", "pk": 24, "fields": {"name": "Can view session", "content_type": 6, "codename": "view_session"}}, {"model": "auth.permission", "pk": 25, "fields": {"name": "Can add student leave", "content_type": 7, "codename": "add_studentleave"}}, {"model": "auth.permission", "pk": 26, "fields": {"name": "Can change student leave", "content_type": 7, "codename": "change_studentleave"}}, {"model": "auth.permission", "pk": 27, "fields": {"name": "Can delete student leave", "content_type": 7, "codename": "delete_studentleave"}}, {"model": "auth.permission", "pk": 28, "fields": {"name": "Can view student leave", "content_type": 7, "codename": "view_studentleave"}}, {"model": "contenttypes.contenttype", "pk": 1, "fields": {"app_label": "admin", "model": "logentry"}}, {"model": "contenttypes.contenttype", "pk": 2, "fields": {"app_label": "auth", "model": "permission"}}, {"model": "contenttypes.contenttype", "pk": 3, "fields": {"app_label": "auth", "model": "group"}}, {"model": "contenttypes.contenttype", "pk": 4, "fields": {"app_label": "auth", "model": "user"}}, {"model": "contenttypes.contenttype", "pk": 5, "fields": {"app_label": "contenttypes", "model": "contenttype"}}, {"model": "contenttypes.contenttype", "pk": 6, "fields": {"app_label": "sessions", "model": "session"}}, {"model": "contenttypes.contenttype", "pk": 7, "fields": {"app_label": "main", "model": "studentleave"}}, {"model": "main.studentleave", "pk": 3, "fields": {"roll_number": "123123", "full_name": "Salin Bade 1", "faculty": "Electrical Engineering", "semester": 3, "reason": "busy ", "start_date": "2025-07-26", "end_date": "2025-07-29", "leave_type": "Personal Leave", "guardian_contact": "1231231238", "student_contact": "1231231231", "is_delete": true, "delete_time": null, "student_mail": "ram@gmail.com", "deleted_time": "2025-07-31T20:25:43.796Z"}}, {"model": "main.studentleave", "pk": 4, "fields": {"roll_number": "120000", "full_name": "ram", "faculty": "Computer Engineering", "semester": 3, "reason": "sick", "start_date": "2025-07-28", "end_date": "2025-07-30", "leave_type": "Personal Leave", "guardian_contact": "9800000000", "student_contact": "9800000001", "is_delete": false, "delete_time": null, "student_mail": "salinbade10994@gmail.com", "deleted_time": "2025-07-31T19:17:13.036Z"}}, {"model": "main.studentleave", "pk": 5, "fields": {"roll_number": "123120", "full_name": "reena", "faculty": "Architecture", "semester": 5, "reason": "sick", "start_date": "2025-07-28", "end_date": "2025-07-30", "leave_type": "Medical Leave", "guardian_contact": "980", "student_contact": "9800000006", "is_delete": false, "delete_time": null, "student_mail": "rennae1994@gmail.com", "deleted_time": "2025-07-31T19:17:13.036Z"}}, {"model": "main.studentleave", "pk": 6, "fields": {"roll_number": "790335", "full_name": "reena@", "faculty": "Architecture", "semester": 5, "reason": "sick", "start_date": "2025-07-28", "end_date": "2025-07-30", "leave_type": "Medical Leave", "guardian_contact": "980000008", "student_contact": "9800000007", "is_delete": false, "delete_time": null, "student_mail": "rennae1s994@gmail.com", "deleted_time": "2025-07-31T19:17:13.036Z"}}, {"model": "main.studentleave", "pk": 7, "fields": {"roll_number": "780303", "full_name": "Ronish", "faculty": "Architecture", "semester": 8, "reason": "Family Tour", "start_date": "2025-07-28", "end_date": "2025-07-31", "leave_type": "Personal Leave", "guardian_contact": "9808015555", "student_contact": "9808011111", "is_delete": false, "delete_time": null, "student_mail": "ronish@gmail.com", "deleted_time": "2025-07-31T19:17:13.036Z"}}, {"model": "main.studentleave", "pk": 8, "fields": {"roll_number": "999999", "full_name": "Gomi Ronik", "faculty": " disabled selected", "semester": 5, "reason": "House work", "start_date": "2025-07-30", "end_date": "2025-07-31", "leave_type": "Personal Leave", "guardian_contact": "9808015554", "student_contact": "9808011110", "is_delete": false, "delete_time": null, "student_mail": "gomi1994@gmail.com", "deleted_time": "2025-07-31T19:17:13.036Z"}}, {"model": "main.studentleave", "pk": 9, "fields": {"roll_number": "100100", "full_name": "Vericki Ronik", "faculty": " disabled selected", "semester": 5, "reason": "Tour", "start_date": "2025-07-30", "end_date": "2025-07-31", "leave_type": "Personal Leave", "guardian_contact": "9808015550", "student_contact": "9808011113", "is_delete": false, "delete_time": null, "student_mail": "gomi1994@gmail.com", "deleted_time": "2025-07-31T19:17:13.036Z"}}, {"model": "main.studentleave", "pk": 10, "fields": {"roll_number": "10011", "full_name": "Zericki Ronik", "faculty": " disabled selected", "semester": 5, "reason": "Tour", "start_date": "2025-07-30", "end_date": "2025-07-31", "leave_type": "Personal Leave", "guardian_contact": "98015550", "student_contact": "980801111", "is_delete": false, "delete_time": null, "student_mail": "gomi19944@gmail.com", "deleted_time": "2025-07-31T19:17:13.036Z"}}, {"model": "main.studentleave", "pk": 11, "fields": {"roll_number": "333333", "full_name": "unik", "faculty": "Architecture", "semester": 5, "reason": "home work", "start_date": "2025-07-30", "end_date": "2025-07-31", "leave_type": "Medical Leave", "guardian_contact": "98080155", "student_contact": "98080111", "is_delete": false, "delete_time": null, "student_mail": "unik@gmail.com", "deleted_time": "2025-07-31T19:17:13.036Z"}}, {"model": "main.studentleave", "pk": 12, "fields": {"roll_number": "333336", "full_name": "aunik", "faculty": "Architecture", "semester": 5, "reason": "home work", "start_date": "2025-07-30", "end_date": "2025-07-31", "leave_type": "Medical Leave", "guardian_contact": "980801551", "student_contact": "980801111", "is_delete": false, "delete_time": null, "student_mail": "uni1k@gmail.com", "deleted_time": "2025-07-31T19:17:13.036Z"}}, {"model": "main.studentleave", "pk": 13, "fields": {"roll_number": "333334", "full_name": "aunik1", "faculty": "Architecture", "semester": 5, "reason": "home work", "start_date": "2025-07-30", "end_date": "2025-07-31", "leave_type": "Medical Leave", "guardian_contact": "980801553", "student_contact": "980801311", "is_delete": false, "delete_time": null, "student_mail": "unii1k@gmail.com", "deleted_time": "2025-07-31T19:17:13.036Z"}}, {"model": "main.studentleave", "pk": 14, "fields": {"roll_number": "333332", "full_name": "Anki", "faculty": "Architecture", "semester": 2, "reason": "home work", "start_date": "2025-07-30", "end_date": "2025-07-31", "leave_type": "Medical Leave", "guardian_contact": "980801552", "student_contact": "980801312", "is_delete": false, "delete_time": null, "student_mail": "u2nii1k@gmail.com", "deleted_time": "2025-07-31T19:17:13.036Z"}}]